Customer_ID,Policy_ID,Start_Date,End_Date,Status,SRC_TRANSACTION_DATE
C0001,P8544,2023-07-05,,Active,2025-01-21
C0002,P0830,2021-04-10,2024-06-27,Expired,2025-03-01
C0003,P8159,2021-04-13,,Active,2024-10-02
C0004,P0330,2021-10-13,,Active,2024-06-08
C0005,P0379,2021-11-27,,Active,2024-10-26
C0005,P0700,2020-12-06,2025-03-26,Expired,2025-03-12
C0005,P0817,2020-10-13,,Active,2025-03-21
C0006,P7112,2022-10-06,,Active,2024-12-13
C0007,P0643,2023-12-27,,Active,2024-11-17
C0008,P0552,2023-08-10,2024-07-01,Expired,2024-05-05
C0009,P0411,2022-03-22,2024-09-05,Expired,2024-08-14
C0010,P0806,2021-08-30,2024-12-08,Expired,2024-10-11
C0011,P8227,2021-01-31,,Active,2024-09-22
C0012,P0767,2021-08-20,,Active,2025-03-27
C0013,P0112,2022-11-10,,Active,2024-12-27
C0013,P0369,2023-09-06,,Active,2025-02-10
C0013,P0531,2023-10-22,2025-01-18,Expired,2024-05-29
C0014,P2590,2022-04-20,,Active,2024-07-14
C0015,P2064,2021-05-13,,Active,2024-12-08
C0016,P0846,2023-08-17,,Active,2024-12-06
C0017,P4985,2021-12-28,,Active,2025-04-10
C0018,P0174,2020-10-31,2025-04-05,Expired,2024-09-08
C0019,P0912,2023-07-16,2025-04-10,Expired,2025-01-25
C0020,P7320,2020-09-08,,Active,2025-04-24
C0021,P6623,2022-01-11,,Active,2025-01-01
C0022,P4566,2021-04-13,,Active,2024-11-08
C0023,P0200,2020-11-16,,Active,2025-01-21
C0024,P3978,2022-03-26,,Active,2024-06-28
C0025,P0070,2023-10-25,,Active,2024-07-02
C0025,P0327,2023-11-08,,Active,2025-04-21
C0026,P0436,2021-04-10,,Active,2024-06-11
C0026,P0792,2021-12-31,,Active,2024-11-14
C0026,P0972,2023-03-21,2024-08-13,Expired,2025-04-09
C0027,P0013,2023-10-28,,Active,2024-07-11
C0027,P0053,2021-03-11,2024-05-21,Expired,2024-12-15
C0027,P0502,2023-04-13,2025-04-20,Expired,2025-01-02
C0027,P0727,2021-12-07,,Active,2025-02-09
C0028,P9182,2023-01-16,,Active,2024-09-06
C0029,P0123,2020-07-27,2025-01-02,Expired,2024-10-11
C0029,P0340,2022-06-02,2025-03-03,Expired,2024-12-06
C0029,P0939,2023-05-08,,Active,2024-12-25
C0030,P0172,2022-04-23,2025-01-28,Expired,2024-10-14
C0031,P2050,2023-06-20,,Active,2024-12-24
C0032,P9115,2020-06-02,,Active,2024-12-08
C0033,P4708,2023-02-03,,Active,2024-11-02
C0034,P2527,2023-02-08,,Active,2025-04-17
C0035,P2523,2021-05-13,,Active,2025-02-21
C0036,P0073,2020-10-28,,Active,2024-12-01
C0037,P0873,2023-11-16,2024-10-01,Expired,2024-08-21
C0038,P0831,2022-11-13,,Active,2025-04-17
C0039,P6339,2021-10-10,,Active,2025-03-29
C0040,P8877,2022-07-22,,Active,2024-11-06
C0041,P1757,2022-12-08,,Active,2024-06-28
C0042,P0420,2023-06-09,,Active,2024-07-14
C0042,P0490,2021-08-01,2024-07-18,Expired,2024-12-10
C0043,P0051,2020-10-03,,Active,2025-02-08
C0043,P0166,2021-03-01,,Active,2024-08-26
C0044,P0991,2021-04-23,,Active,2025-02-27
C0045,P7374,2021-02-16,,Active,2025-04-25
C0046,P0047,2024-01-09,,Active,2025-01-01
C0047,P7344,2022-10-26,,Active,2024-11-10
C0048,P9601,2021-04-02,,Active,2024-08-05
C0049,P0245,2020-12-28,,Active,2025-01-16
C0050,P0868,2023-04-28,,Active,2024-09-14
C0051,P5499,2020-05-18,,Active,2025-01-13
C0052,P0025,2023-11-07,2024-07-27,Expired,2025-04-09
C0052,P0132,2023-03-08,,Active,2024-10-10
C0052,P0517,2020-05-12,,Active,2024-07-28
C0053,P0208,2020-12-01,2024-09-21,Expired,2024-10-12
C0053,P0619,2021-05-08,,Active,2025-05-02
C0054,P0008,2022-07-21,2024-05-20,Expired,2025-03-21
C0055,P5975,2022-08-09,,Active,2024-11-04
C0056,P0060,2022-05-17,2025-03-24,Expired,2024-07-03
C0056,P0268,2022-03-08,2025-02-20,Expired,2024-09-11
C0056,P0612,2023-09-05,,Active,2024-06-20
C0057,P0188,2021-07-12,,Active,2024-10-26
C0057,P0960,2022-07-22,,Active,2024-07-25
C0058,P8593,2023-02-14,,Active,2024-09-08
C0059,P0368,2023-04-26,2025-04-29,Expired,2024-09-24
C0059,P0973,2021-04-21,2025-03-23,Expired,2024-08-30
C0060,P0256,2022-09-13,,Active,2024-10-31
C0061,P5828,2021-10-07,,Active,2025-03-07
C0062,P0088,2024-02-19,2024-11-22,Expired,2025-01-10
C0063,P8912,2022-11-12,,Active,2024-06-22
C0064,P0275,2021-05-10,,Active,2024-11-06
C0065,P3423,2021-02-11,,Active,2025-01-30
C0066,P1151,2021-07-25,,Active,2024-08-21
C0067,P8526,2024-02-07,,Active,2025-02-11
C0068,P1631,2024-04-11,,Active,2024-07-24
C0069,P8381,2022-07-04,,Active,2024-06-19
C0070,P0985,2020-08-05,,Active,2024-05-14
C0071,P3995,2021-02-16,,Active,2024-05-06
C0072,P0861,2020-11-13,2024-07-29,Expired,2024-11-16
C0073,P4824,2021-01-05,,Active,2025-04-08
C0074,P0184,2022-03-07,2025-03-24,Expired,2024-10-04
C0074,P0383,2022-09-12,,Active,2024-12-19
C0074,P0925,2021-04-29,,Active,2025-04-19
C0075,P8105,2022-04-04,,Active,2024-08-13
C0076,P4268,2021-07-30,,Active,2025-04-05
C0077,P0801,2021-03-28,2024-05-16,Expired,2024-07-24
C0078,P5899,2022-07-24,,Active,2025-02-25
C0079,P0083,2024-02-21,2024-09-14,Expired,2024-06-05
C0079,P0218,2021-07-09,2024-11-21,Expired,2024-09-25
C0079,P0301,2020-12-18,2025-03-06,Expired,2024-06-16
C0079,P0434,2022-10-08,2024-07-06,Expired,2024-07-27
C0080,P0192,2021-08-22,2024-11-12,Expired,2024-12-07
C0081,P0410,2023-08-07,,Active,2024-09-04
C0081,P0581,2022-03-29,,Active,2024-12-07
C0081,P0591,2024-03-04,,Active,2025-03-25
C0081,P0664,2022-03-11,2025-03-19,Expired,2024-05-28
C0082,P2224,2024-03-02,,Active,2024-08-27
C0083,P0361,2022-10-10,,Active,2024-11-16
C0084,P0538,2020-05-07,2024-08-27,Expired,2025-03-21
C0085,P8400,2023-05-08,,Active,2025-05-03
C0086,P7260,2021-10-28,,Active,2024-11-05
C0087,P2226,2021-10-19,,Active,2024-08-14
C0088,P7829,2023-06-03,,Active,2025-03-08
C0089,P0338,2020-06-27,2025-04-21,Expired,2024-09-15
C0089,P0372,2021-09-12,2024-06-25,Expired,2024-07-15
C0090,P2577,2022-10-20,,Active,2025-01-17
C0091,P7892,2022-06-26,,Active,2024-11-14
C0092,P8738,2021-11-07,,Active,2025-02-26
C0093,P0288,2024-05-02,2024-12-01,Expired,2024-12-07
C0094,P6613,2023-02-07,,Active,2024-11-09
C0095,P0319,2023-03-04,2024-10-20,Expired,2024-07-31
C0095,P0813,2024-03-06,,Active,2025-01-29
C0096,P0234,2021-04-24,,Active,2025-03-14
C0097,P0259,2023-11-28,,Active,2025-02-02
C0098,P0233,2021-01-14,,Active,2024-06-11
C0099,P0826,2020-06-22,2025-04-08,Expired,2025-02-07
C0100,P4308,2021-08-06,,Active,2024-08-28
C0101,P0314,2021-06-09,2024-07-22,Expired,2024-09-06
C0102,P0683,2022-09-03,2024-12-31,Expired,2025-04-16
C0103,P0014,2022-07-24,2024-06-29,Expired,2025-01-20
C0103,P0415,2020-07-05,2025-01-24,Expired,2025-03-23
C0103,P0887,2023-11-15,,Active,2024-08-07
C0104,P0536,2020-12-09,2025-03-19,Expired,2025-04-30
C0105,P0016,2023-08-07,2024-07-26,Expired,2024-09-18
C0105,P0146,2022-07-23,,Active,2025-03-10
C0105,P0621,2023-09-03,,Active,2025-01-24
C0106,P0974,2023-04-04,2024-05-17,Expired,2025-04-27
C0107,P0427,2023-08-24,,Active,2025-05-04
C0108,P0199,2021-10-08,,Active,2024-05-09
C0109,P0239,2023-07-21,2024-06-17,Expired,2024-05-15
C0110,P0105,2023-02-08,2024-05-27,Expired,2024-11-14
C0110,P0198,2020-07-03,,Active,2025-02-02
C0110,P0320,2021-11-30,2024-05-30,Expired,2024-06-26
C0110,P0565,2023-12-30,2024-11-13,Expired,2024-12-17
C0110,P0569,2023-03-26,2024-10-09,Expired,2024-05-21
C0110,P0883,2021-01-14,,Active,2025-05-01
C0111,P6353,2021-12-15,,Active,2024-09-14
C0112,P6302,2022-04-06,,Active,2024-08-27
C0113,P0654,2023-01-02,2025-04-14,Expired,2025-02-16
C0114,P0902,2020-06-21,,Active,2024-10-19
C0115,P8862,2022-03-24,,Active,2024-10-21
C0116,P0542,2024-03-19,2025-01-08,Expired,2024-10-21
C0117,P0953,2022-02-14,2024-10-17,Expired,2024-08-17
C0118,P0307,2023-11-06,,Active,2024-09-08
C0118,P0778,2021-08-07,,Active,2025-03-12
C0119,P8626,2020-07-08,,Active,2025-04-02
C0120,P0492,2020-11-17,,Active,2024-09-24
C0121,P2675,2022-12-10,,Active,2025-04-21
C0122,P0657,2024-03-09,2025-02-15,Expired,2025-02-16
C0123,P0290,2023-01-07,,Active,2024-11-21
C0124,P0126,2023-12-27,,Active,2025-04-28
C0125,P3502,2021-04-19,,Active,2025-04-04
C0126,P5349,2022-09-28,,Active,2025-03-23
C0127,P0085,2023-07-19,2024-07-16,Expired,2024-10-11
C0128,P0038,2022-07-31,,Active,2025-02-26
C0128,P0176,2021-10-21,,Active,2025-04-02
C0129,P0010,2020-08-18,,Active,2024-06-05
C0130,P0647,2020-12-13,,Active,2024-05-21
C0131,P8722,2023-05-11,,Active,2024-12-09
C0132,P0399,2022-03-07,2024-09-04,Expired,2025-03-28
C0133,P0354,2022-09-23,,Active,2025-02-08
C0134,P0171,2024-01-06,2024-09-15,Expired,2025-03-23
C0134,P0583,2022-04-08,2024-07-01,Expired,2024-08-03
C0135,P0388,2022-01-21,2024-05-29,Expired,2025-02-14
C0135,P0563,2021-12-30,2025-03-03,Expired,2025-01-19
C0136,P9115,2023-10-10,,Active,2024-07-08
C0137,P0257,2024-04-17,2025-03-24,Expired,2024-06-17
C0138,P0807,2024-04-14,2025-01-04,Expired,2025-02-11
C0138,P0993,2023-10-29,2025-02-28,Expired,2025-01-22
C0139,P6455,2022-05-27,,Active,2025-03-30
C0140,P0252,2020-10-08,2024-07-11,Expired,2024-06-12
C0140,P0454,2020-05-30,,Active,2024-08-06
C0140,P0676,2023-09-09,2024-07-13,Expired,2025-02-24
C0140,P0789,2022-07-09,2025-02-25,Expired,2024-12-16
C0141,P0181,2022-08-17,2024-12-19,Expired,2024-12-10
C0142,P0266,2022-10-26,2025-03-06,Expired,2024-05-19
C0142,P0323,2020-11-04,,Active,2024-07-23
C0143,P3757,2021-06-08,,Active,2024-10-16
C0144,P0362,2022-12-03,2024-09-25,Expired,2024-07-07
C0145,P0402,2023-07-23,,Active,2024-05-07
C0146,P0059,2022-03-16,,Active,2024-11-08
C0146,P0487,2021-09-19,2024-09-06,Expired,2024-08-16
C0147,P5628,2021-12-31,,Active,2024-09-27
C0148,P0642,2020-07-23,2024-05-28,Expired,2024-05-09
C0148,P0966,2022-01-14,,Active,2024-06-21
C0149,P7870,2023-01-10,,Active,2024-06-07
C0150,P0527,2020-12-28,,Active,2025-03-05
C0150,P0819,2022-11-22,,Active,2024-09-03
C0151,P0029,2022-07-25,,Active,2024-07-02
C0151,P0157,2024-01-26,2024-08-11,Expired,2024-07-15
C0151,P0592,2021-10-14,,Active,2025-02-01
C0151,P0945,2020-10-20,2024-05-18,Expired,2024-11-24
C0151,P0992,2024-02-24,2025-02-09,Expired,2025-01-22
C0152,P0418,2022-03-03,,Active,2024-12-27
C0152,P0602,2023-04-05,2024-10-08,Expired,2025-04-30
C0152,P0837,2022-08-01,2024-07-05,Expired,2024-06-16
C0153,P0039,2021-04-12,2024-08-22,Expired,2025-01-26
C0154,P0782,2023-04-18,,Active,2024-05-27
C0154,P0986,2023-06-16,2024-11-14,Expired,2024-09-20
C0155,P0061,2021-12-25,,Active,2024-09-09
C0155,P0750,2022-09-09,,Active,2024-12-18
C0156,P0408,2020-08-24,2025-04-10,Expired,2024-07-20
C0157,P0391,2020-11-12,,Active,2024-10-26
C0157,P0417,2022-08-08,2025-04-08,Expired,2024-10-18
C0157,P0543,2022-08-02,2024-10-04,Expired,2024-07-13
C0158,P4315,2023-05-26,,Active,2025-03-17
C0159,P5427,2020-12-19,,Active,2025-01-13
C0160,P7126,2023-07-28,,Active,2024-06-27
C0161,P8692,2023-09-11,,Active,2025-01-25
C0162,P3268,2021-03-05,,Active,2024-10-12
C0163,P0604,2020-05-08,,Active,2025-02-11
C0164,P0934,2023-07-21,2024-05-30,Expired,2025-04-20
C0164,P0946,2021-06-19,,Active,2024-06-25
C0165,P0622,2021-05-12,2024-07-29,Expired,2024-05-16
C0165,P0660,2022-11-01,,Active,2024-06-14
C0165,P0852,2021-05-03,,Active,2024-10-28
C0166,P6600,2020-12-23,,Active,2024-09-27
C0167,P0042,2022-09-18,,Active,2024-10-16
C0167,P0940,2021-03-11,,Active,2024-05-06
C0168,P4116,2020-05-13,,Active,2024-11-23
C0169,P6219,2024-04-24,,Active,2025-01-09
C0170,P0081,2020-12-25,,Active,2024-12-01
C0171,P4518,2020-08-07,,Active,2024-10-07
C0172,P2418,2022-12-07,,Active,2024-08-06
C0173,P0121,2020-08-23,2024-06-27,Expired,2025-04-20
C0173,P0504,2020-07-15,,Active,2024-06-03
C0174,P0677,2022-05-21,,Active,2025-04-08
C0175,P0479,2021-12-12,2024-10-28,Expired,2024-09-03
C0176,P0017,2022-01-24,,Active,2025-01-04
C0177,P0232,2021-07-10,2025-05-04,Expired,2024-12-30
C0177,P0262,2021-06-27,,Active,2024-08-12
C0178,P0325,2021-06-17,,Active,2025-01-24
C0179,P0870,2023-08-28,2024-12-25,Expired,2024-10-03
C0180,P2441,2023-02-02,,Active,2025-04-04
C0181,P4008,2023-10-23,,Active,2024-12-24
C0182,P0220,2022-12-02,,Active,2024-12-28
C0183,P0040,2021-07-12,,Active,2024-11-07
C0184,P0347,2023-07-20,2024-11-13,Expired,2024-12-13
C0185,P0274,2022-02-12,,Active,2024-08-11
C0186,P0168,2020-06-23,2024-10-01,Expired,2025-04-22
C0187,P0143,2020-06-25,,Active,2024-08-22
C0188,P0089,2023-09-27,,Active,2025-02-05
C0188,P0310,2020-10-02,,Active,2025-02-20
C0188,P0811,2022-09-11,,Active,2024-05-20
C0189,P0046,2024-02-14,2024-09-13,Expired,2024-06-17
C0189,P0516,2023-01-29,,Active,2025-02-03
C0190,P0080,2022-04-11,2024-06-17,Expired,2025-02-06
C0191,P0260,2021-12-10,,Active,2024-05-14
C0191,P0951,2023-10-05,,Active,2024-08-26
C0192,P0133,2022-09-08,2025-04-28,Expired,2024-05-14
C0192,P0189,2023-11-27,,Active,2024-08-26
C0192,P0928,2021-01-02,,Active,2024-05-28
C0193,P0392,2021-12-12,2024-09-01,Expired,2024-10-25
C0194,P0865,2022-01-02,2025-04-14,Expired,2025-04-25
C0195,P4154,2022-04-16,,Active,2024-12-30
C0196,P0526,2021-12-18,,Active,2024-06-04
C0196,P0853,2021-02-09,,Active,2024-09-14
C0197,P3312,2022-06-01,,Active,2025-04-07
C0198,P0148,2020-11-06,,Active,2024-11-28
C0198,P0265,2024-04-15,,Active,2024-11-04
C0199,P0430,2024-03-07,,Active,2024-11-05
C0200,P6678,2022-09-08,,Active,2025-04-19
C0201,P0680,2022-09-29,,Active,2024-12-02
C0202,P4553,2021-11-06,,Active,2024-11-16
C0203,P0404,2023-08-30,,Active,2024-06-20
C0203,P0582,2022-09-09,,Active,2024-05-20
C0203,P0924,2021-04-09,2025-03-26,Expired,2024-12-18
C0204,P0370,2023-09-11,2024-09-13,Expired,2025-04-09
C0205,P9860,2022-04-18,,Active,2024-12-20
C0206,P3916,2023-01-14,,Active,2024-11-11
C0207,P0062,2023-03-11,,Active,2024-09-27
C0207,P0673,2021-02-01,2025-01-05,Expired,2025-01-26
C0207,P0762,2020-09-30,2024-12-06,Expired,2024-12-21
C0208,P9500,2023-02-22,,Active,2024-06-18
C0209,P0092,2024-01-24,,Active,2025-04-22
C0210,P5181,2023-09-03,,Active,2025-01-16
C0211,P0646,2022-08-05,2024-10-26,Expired,2024-06-22
C0212,P0608,2022-03-04,,Active,2024-07-19
C0212,P0827,2021-08-01,2024-06-28,Expired,2025-01-24
C0213,P0103,2023-10-28,2024-11-30,Expired,2024-08-16
C0213,P0111,2020-06-04,,Active,2024-08-01
C0214,P8062,2021-02-02,,Active,2024-05-15
C0215,P2778,2022-11-05,,Active,2025-03-23
C0216,P0860,2020-08-15,,Active,2024-08-30
C0217,P0128,2024-01-17,,Active,2025-02-20
C0218,P0315,2020-12-21,2024-12-22,Expired,2024-07-13
C0218,P0728,2023-04-05,2025-04-12,Expired,2024-09-26
C0219,P0027,2023-05-14,,Active,2024-11-30
C0219,P0305,2020-10-03,2025-03-18,Expired,2025-02-10
C0220,P0500,2020-09-08,,Active,2024-07-11
C0220,P0554,2022-08-31,2024-09-19,Expired,2024-05-10
C0220,P0859,2024-04-27,,Active,2024-12-27
C0221,P0520,2022-12-24,,Active,2024-12-04
C0221,P0843,2023-04-14,2025-03-02,Expired,2025-02-22
C0222,P8322,2023-09-27,,Active,2024-07-26
C0223,P4771,2020-07-02,,Active,2024-07-02
C0224,P0882,2021-01-16,2024-12-06,Expired,2025-01-20
C0225,P0731,2021-01-18,,Active,2024-09-18
C0226,P8024,2022-03-31,,Active,2024-11-01
C0227,P0445,2021-08-03,2024-07-29,Expired,2025-02-02
C0227,P0559,2022-05-13,,Active,2024-08-08
C0227,P0776,2021-04-23,,Active,2024-05-11
C0228,P0155,2021-11-26,,Active,2025-03-21
C0229,P0733,2022-07-16,,Active,2025-02-17
C0230,P7457,2022-09-02,,Active,2024-09-11
C0231,P0009,2021-05-11,,Active,2024-09-01
C0231,P0948,2023-05-04,,Active,2025-04-07
C0232,P4218,2021-11-13,,Active,2025-03-20
C0233,P0422,2022-06-13,,Active,2024-11-13
C0233,P0698,2022-03-19,,Active,2025-01-26
C0233,P0898,2024-01-29,2025-02-18,Expired,2025-04-06
C0234,P0631,2023-12-05,,Active,2024-10-15
C0235,P0663,2021-11-19,2024-11-06,Expired,2025-03-27
C0236,P6553,2021-03-26,,Active,2024-05-05
C0237,P0748,2022-05-29,,Active,2024-07-31
C0238,P8116,2022-02-18,,Active,2024-10-07
C0239,P2800,2021-04-01,,Active,2024-08-30
C0240,P8485,2021-07-03,,Active,2024-07-12
C0241,P5193,2023-03-16,,Active,2024-05-20
C0242,P0125,2020-07-02,,Active,2025-01-06
C0242,P0535,2020-07-24,2024-09-21,Expired,2024-07-30
C0243,P4857,2023-02-12,,Active,2025-03-01
C0244,P3953,2024-02-26,,Active,2025-04-23
C0245,P0545,2022-04-09,,Active,2024-10-19
C0245,P0886,2022-09-29,2024-10-29,Expired,2024-11-12
C0246,P0329,2023-08-28,2024-11-10,Expired,2025-02-10
C0246,P0458,2022-03-27,2024-05-15,Expired,2025-03-08
C0247,P0615,2024-03-13,,Active,2025-04-24
C0248,P0303,2023-02-17,,Active,2024-10-28
C0248,P0681,2024-01-06,,Active,2024-12-25
C0248,P0724,2020-12-09,2024-06-12,Expired,2024-10-22
C0249,P6287,2020-06-01,,Active,2025-02-19
C0250,P0097,2022-09-04,,Active,2024-12-14
C0250,P0253,2022-12-20,,Active,2024-11-01
C0250,P0600,2022-06-01,,Active,2025-01-16
C0250,P0849,2023-05-28,,Active,2024-09-17
C0251,P0577,2021-04-21,2025-04-10,Expired,2024-12-28
C0252,P7412,2023-02-24,,Active,2025-02-18
C0253,P0348,2023-04-22,2025-03-12,Expired,2025-01-23
C0254,P5054,2023-01-09,,Active,2024-06-20
C0255,P0077,2023-07-31,2024-05-15,Expired,2024-11-16
C0256,P2162,2021-02-25,,Active,2025-03-03
C0257,P8296,2021-11-25,,Active,2025-03-31
C0258,P0623,2024-02-10,2024-09-10,Expired,2025-02-06
C0259,P5094,2024-03-16,,Active,2024-10-08
C0260,P3672,2023-08-15,,Active,2024-09-25
C0261,P1961,2023-03-02,,Active,2025-04-09
C0262,P0313,2023-12-31,,Active,2024-07-13
C0263,P0343,2022-12-09,2025-02-04,Expired,2024-11-04
C0263,P0744,2021-05-18,,Active,2025-03-04
C0264,P0774,2021-06-25,2024-06-12,Expired,2024-05-20
C0264,P0802,2021-06-10,2025-03-25,Expired,2024-07-12
C0264,P0967,2022-03-26,2025-04-26,Expired,2024-11-30
C0265,P0242,2021-08-23,,Active,2024-05-11
C0265,P0497,2022-08-17,,Active,2025-04-02
C0266,P0756,2021-04-26,,Active,2025-01-29
C0267,P0524,2024-03-25,,Active,2025-03-06
C0268,P5468,2023-04-10,,Active,2024-10-17
C0269,P3167,2020-09-10,,Active,2024-08-27
C0270,P0976,2021-02-21,2025-03-07,Expired,2024-08-21
C0271,P0124,2024-01-12,2024-09-29,Expired,2024-11-21
C0271,P0412,2021-03-17,,Active,2025-03-12
C0272,P0987,2023-07-16,,Active,2024-07-20
C0273,P0566,2023-09-20,2024-09-15,Expired,2024-06-28
C0274,P0996,2021-02-14,2024-05-13,Expired,2025-03-03
C0275,P0959,2023-02-23,2024-09-14,Expired,2024-12-28
C0276,P0183,2020-07-22,,Active,2024-12-23
C0277,P3143,2021-01-26,,Active,2024-08-24
C0278,P0982,2020-06-12,,Active,2025-02-22
C0279,P7544,2023-09-03,,Active,2024-07-27
C0280,P0533,2022-12-31,,Active,2024-10-01
C0281,P0626,2023-02-05,,Active,2025-02-21
C0282,P4271,2023-04-26,,Active,2024-09-22
C0283,P0725,2024-04-04,2025-04-14,Expired,2025-04-02
C0284,P0689,2020-08-23,2024-07-04,Expired,2024-08-20
C0285,P0065,2023-08-04,,Active,2025-05-03
C0285,P0539,2021-07-03,2025-02-18,Expired,2024-07-04
C0286,P0549,2022-09-03,,Active,2025-01-14
C0286,P0839,2020-10-30,,Active,2025-03-05
C0287,P0551,2020-12-18,,Active,2025-04-05
C0288,P0717,2022-07-18,,Active,2025-01-14
C0289,P0167,2023-09-25,,Active,2024-10-30
C0289,P0270,2022-12-06,2024-11-08,Expired,2024-10-29
C0289,P0377,2021-01-24,,Active,2024-08-22
C0289,P0965,2021-04-24,2024-09-26,Expired,2024-08-02
C0290,P0396,2023-10-23,2025-03-01,Expired,2024-05-22
C0290,P0980,2020-08-02,,Active,2024-08-19
C0291,P0170,2022-09-11,,Active,2024-10-09
C0291,P0486,2022-12-16,,Active,2024-08-24
C0292,P0793,2020-12-19,2024-10-20,Expired,2025-01-12
C0293,P0352,2023-05-30,,Active,2025-03-14
C0293,P0964,2023-11-15,2025-03-30,Expired,2024-11-29
C0294,P0213,2021-12-01,2024-10-18,Expired,2025-05-04
C0294,P0240,2024-03-18,,Active,2024-09-22
C0294,P0798,2024-03-05,2024-05-09,Expired,2024-09-08
C0295,P0823,2020-05-14,2025-04-11,Expired,2024-10-05
C0295,P0923,2024-04-07,2024-05-12,Expired,2024-07-21
C0296,P0250,2021-10-24,,Active,2024-05-16
C0296,P0605,2021-10-30,2025-01-18,Expired,2024-07-23
C0297,P0525,2021-07-07,2024-10-12,Expired,2025-01-20
C0298,P0173,2021-02-07,,Active,2024-06-04
C0298,P0632,2023-02-26,,Active,2025-03-06
C0298,P0648,2022-11-05,2025-01-05,Expired,2024-10-25
C0299,P3362,2020-08-04,,Active,2024-05-30
C0300,P0221,2022-01-02,,Active,2024-09-29
C0301,P0137,2021-07-02,,Active,2024-12-05
C0301,P0962,2020-05-15,2025-01-30,Expired,2024-09-30
C0302,P0879,2024-04-07,2025-03-05,Expired,2024-05-24
C0302,P0897,2021-02-08,,Active,2025-02-15
C0303,P5684,2023-08-11,,Active,2025-04-13
C0304,P0387,2020-09-23,,Active,2025-01-23
C0305,P6443,2024-04-06,,Active,2025-04-27
C0306,P2513,2024-04-21,,Active,2025-02-20
C0307,P0403,2022-09-07,,Active,2025-04-10
C0307,P0874,2021-08-14,,Active,2024-08-09
C0308,P0033,2023-05-29,2025-03-08,Expired,2024-10-28
C0308,P0634,2022-11-25,2024-12-01,Expired,2025-02-16
C0309,P0028,2024-04-21,2024-12-20,Expired,2025-02-11
C0309,P0224,2023-10-09,,Active,2024-06-12
C0309,P0363,2020-05-29,2025-02-12,Expired,2024-08-30
C0309,P0457,2022-02-03,2024-08-01,Expired,2024-12-26
C0309,P0637,2021-12-09,,Active,2025-01-19
C0310,P7039,2020-05-30,,Active,2024-12-16
C0311,P0448,2023-06-09,,Active,2024-05-28
C0312,P0699,2023-12-06,,Active,2024-12-30
C0313,P0433,2020-06-01,,Active,2024-11-21
C0314,P0451,2020-05-31,2024-09-08,Expired,2025-02-20
C0315,P0481,2023-02-25,,Active,2024-09-13
C0316,P0179,2023-03-02,,Active,2025-05-05
C0316,P0929,2023-08-31,,Active,2024-12-10
C0316,P0983,2021-05-13,2025-02-12,Expired,2024-06-02
C0317,P0822,2022-04-05,2024-08-16,Expired,2024-09-12
C0317,P0958,2022-05-08,2025-01-27,Expired,2024-11-30
C0318,P0428,2023-01-27,2024-08-25,Expired,2024-06-29
C0318,P0522,2023-07-07,,Active,2025-04-24
C0319,P0574,2023-09-23,2024-06-01,Expired,2024-10-20
C0320,P6760,2020-05-19,,Active,2024-09-29
C0321,P2375,2023-01-23,,Active,2024-07-05
C0322,P0770,2020-07-23,,Active,2024-05-23
C0323,P0064,2021-06-16,2025-01-03,Expired,2025-01-20
C0323,P0556,2021-04-16,2024-07-25,Expired,2025-04-24
C0323,P0611,2024-04-16,2025-04-25,Expired,2024-12-20
C0323,P0704,2021-06-13,,Active,2025-04-04
C0324,P0012,2020-05-11,,Active,2024-08-04
C0324,P0135,2021-05-27,,Active,2025-01-08
C0324,P0426,2020-12-06,2024-11-21,Expired,2025-03-10
C0324,P0834,2022-12-10,,Active,2024-05-10
C0325,P0446,2022-06-21,,Active,2024-10-03
C0326,P1554,2023-07-15,,Active,2024-12-27
C0327,P0293,2021-01-30,2024-12-07,Expired,2024-11-25
C0327,P0575,2023-10-06,,Active,2024-11-03
C0328,P0294,2022-11-12,2025-01-28,Expired,2024-12-22
C0329,P0326,2022-12-17,2025-04-26,Expired,2024-11-29
C0329,P0669,2023-05-15,2024-10-31,Expired,2025-01-06
C0330,P0115,2023-02-12,,Active,2024-10-13
C0331,P0440,2022-03-20,,Active,2024-12-12
C0331,P0818,2021-06-11,2024-06-15,Expired,2024-07-25
C0332,P0304,2021-02-12,,Active,2025-01-23
C0333,P0318,2023-12-23,2024-07-09,Expired,2024-08-05
C0333,P0820,2023-10-12,2025-02-17,Expired,2025-03-04
C0334,P8759,2020-12-29,,Active,2024-07-26
C0335,P5432,2023-01-21,,Active,2025-03-18
C0336,P0015,2024-02-28,,Active,2024-08-21
C0337,P0186,2024-04-14,2024-05-30,Expired,2024-09-03
C0337,P0512,2024-04-11,,Active,2024-11-16
C0337,P0746,2023-01-15,,Active,2025-02-01
C0338,P0175,2020-08-26,2024-06-21,Expired,2024-08-06
C0339,P1028,2021-04-27,,Active,2025-03-28
C0340,P0094,2023-05-06,,Active,2024-11-01
C0341,P0568,2022-04-29,,Active,2024-06-19
C0342,P0286,2023-09-23,2025-04-21,Expired,2025-03-19
C0343,P0227,2022-10-05,,Active,2025-01-16
C0343,P0587,2020-12-01,2024-11-02,Expired,2025-01-20
C0343,P0679,2021-02-08,,Active,2024-06-18
C0344,P0001,2021-05-03,2025-02-23,Expired,2024-08-31
C0345,P0668,2021-03-13,2025-01-09,Expired,2024-12-18
C0346,P0722,2022-01-16,,Active,2024-10-17
C0347,P6007,2022-02-23,,Active,2025-03-25
C0348,P0550,2023-11-20,2025-01-19,Expired,2025-05-03
C0348,P0684,2021-07-19,,Active,2024-11-26
C0349,P2273,2022-10-28,,Active,2024-10-04
C0350,P0082,2023-11-28,,Active,2025-03-09
C0351,P0930,2022-12-03,,Active,2025-03-03
C0352,P1775,2023-03-28,,Active,2025-04-13
C0353,P6050,2022-09-28,,Active,2025-05-03
C0354,P0910,2022-01-06,2024-09-20,Expired,2025-02-16
C0355,P0214,2020-08-02,,Active,2025-02-07
C0356,P0921,2023-11-24,,Active,2025-02-13
C0357,P0465,2022-09-02,2024-11-14,Expired,2024-05-14
C0357,P0758,2022-08-07,2024-06-11,Expired,2024-08-08
C0357,P0961,2022-02-03,2024-08-05,Expired,2025-04-26
C0358,P1391,2022-08-17,,Active,2024-06-08
C0359,P0624,2020-07-03,2024-06-28,Expired,2024-07-20
C0360,P6515,2024-01-03,,Active,2024-10-08
C0361,P8438,2021-05-18,,Active,2024-05-27
C0362,P0228,2021-04-01,,Active,2024-08-27
C0362,P0844,2020-12-28,,Active,2025-02-16
C0363,P0041,2021-12-28,,Active,2025-03-15
C0364,P8540,2020-08-13,,Active,2025-02-21
C0365,P2591,2021-06-16,,Active,2024-08-16
C0366,P0515,2021-07-16,,Active,2024-05-31
C0367,P0156,2022-07-29,,Active,2025-03-09
C0367,P0528,2022-12-04,2024-12-16,Expired,2025-01-19
C0367,P0644,2021-08-31,,Active,2024-06-14
C0368,P1886,2023-09-01,,Active,2024-12-11
C0369,P0580,2020-05-18,,Active,2025-01-09
C0370,P5043,2022-07-09,,Active,2025-02-10
C0371,P5176,2023-03-03,,Active,2024-09-11
C0372,P1648,2021-05-11,,Active,2024-12-04
C0373,P3716,2020-11-25,,Active,2025-01-08
C0374,P9520,2023-04-25,,Active,2024-10-26
C0375,P4623,2022-04-27,,Active,2025-04-04
C0376,P0665,2021-11-17,,Active,2024-05-29
C0377,P0790,2022-12-02,,Active,2024-10-30
C0378,P0206,2020-11-07,2025-02-15,Expired,2024-11-30
C0378,P0364,2023-10-23,2024-05-24,Expired,2024-07-06
C0378,P0734,2021-07-12,2025-01-05,Expired,2024-06-29
C0379,P0840,2023-07-31,,Active,2024-08-03
C0380,P0207,2024-04-02,,Active,2024-06-14
C0381,P0498,2023-10-04,,Active,2024-12-11
C0382,P7618,2021-07-23,,Active,2025-01-05
C0383,P7648,2022-07-11,,Active,2025-04-08
C0384,P0456,2022-07-21,2024-09-04,Expired,2024-08-13
C0385,P0079,2021-04-23,,Active,2024-08-08
C0385,P0098,2024-04-13,2025-04-19,Expired,2024-07-19
C0385,P0816,2022-08-23,,Active,2024-06-17
C0386,P0439,2021-03-15,,Active,2024-09-25
C0387,P0856,2021-06-23,,Active,2024-05-06
C0388,P0078,2022-03-23,,Active,2025-02-03
C0388,P0714,2022-01-25,,Active,2024-07-10
C0389,P0880,2020-05-12,,Active,2024-08-27
C0390,P0416,2020-11-03,2024-06-20,Expired,2025-03-02
C0390,P0895,2024-02-11,2024-08-21,Expired,2025-02-23
C0391,P5773,2021-01-02,,Active,2024-07-16
C0392,P0908,2022-09-09,,Active,2024-07-04
C0393,P0247,2022-11-02,,Active,2024-06-07
C0393,P0423,2021-06-08,,Active,2024-07-15
C0394,P0185,2020-10-03,,Active,2024-12-05
C0395,P0317,2024-04-20,,Active,2024-12-06
C0396,P0715,2023-07-02,,Active,2024-09-03
C0396,P0899,2023-02-27,2025-03-08,Expired,2025-02-03
C0396,P0963,2021-03-11,2025-03-05,Expired,2025-03-28
C0397,P0869,2021-09-12,2024-07-18,Expired,2024-11-18
C0398,P0398,2023-10-05,2024-10-12,Expired,2024-11-15
C0398,P0666,2021-06-29,,Active,2024-09-09
C0399,P0691,2024-04-13,,Active,2024-06-09
C0400,P0244,2020-12-22,,Active,2025-02-27
C0401,P0768,2021-08-26,,Active,2024-10-25
C0402,P4449,2020-10-03,,Active,2025-03-03
C0403,P0037,2022-03-01,,Active,2025-01-01
C0403,P0104,2021-12-09,,Active,2024-06-30
C0404,P0044,2023-12-13,2025-04-10,Expired,2024-10-17
C0404,P0730,2023-05-30,,Active,2024-09-23
C0405,P9482,2024-03-08,,Active,2024-07-12
C0406,P3173,2020-06-08,,Active,2025-03-08
C0407,P0367,2021-05-27,,Active,2024-06-08
C0408,P5056,2022-09-11,,Active,2024-09-03
C0409,P0688,2020-09-14,,Active,2024-05-17
C0409,P0825,2021-08-19,2024-06-20,Expired,2024-12-05
C0410,P0203,2022-11-25,2024-09-07,Expired,2025-04-10
C0410,P0737,2021-12-12,,Active,2024-09-26
C0411,P3038,2022-09-03,,Active,2024-11-13
C0412,P0771,2021-03-27,,Active,2024-09-05
C0413,P3978,2024-03-14,,Active,2024-07-13
C0414,P0478,2020-06-11,,Active,2024-12-11
C0414,P0603,2022-07-05,,Active,2025-03-26
C0415,P2679,2024-03-20,,Active,2025-02-11
C0416,P0205,2022-01-17,,Active,2024-08-17
C0416,P0226,2021-02-05,,Active,2024-11-24
C0416,P0299,2020-11-12,2024-08-31,Expired,2025-03-31
C0416,P0344,2024-04-21,,Active,2024-12-15
C0417,P0196,2023-10-23,,Active,2024-07-26
C0418,P0215,2023-12-05,,Active,2024-07-27
C0418,P0509,2021-08-31,2024-11-22,Expired,2024-08-15
C0419,P0050,2022-01-07,2024-06-24,Expired,2025-01-08
C0420,P0136,2021-03-08,2024-09-07,Expired,2025-02-25
C0420,P0283,2020-12-20,,Active,2024-11-28
C0420,P0555,2022-06-20,,Active,2024-07-10
C0421,P7815,2022-01-31,,Active,2024-07-23
C0422,P0086,2021-02-14,2025-03-14,Expired,2024-11-05
C0423,P0845,2021-05-01,2024-06-25,Expired,2024-12-13
C0424,P0031,2021-08-16,2024-09-05,Expired,2024-09-22
C0424,P0675,2022-01-16,,Active,2024-05-30
C0425,P0947,2022-10-22,,Active,2024-05-05
C0426,P0649,2023-12-29,2024-08-21,Expired,2025-01-06
C0426,P0772,2023-12-06,,Active,2025-01-03
C0427,P4691,2021-05-14,,Active,2025-04-23
C0428,P6393,2023-03-23,,Active,2025-04-15
C0429,P9412,2020-10-26,,Active,2024-06-29
C0430,P0154,2022-04-07,,Active,2024-12-15
C0430,P0754,2021-10-12,,Active,2025-01-28
C0430,P0949,2020-11-26,,Active,2025-02-02
C0431,P4090,2022-07-29,,Active,2024-05-20
C0432,P2106,2020-07-23,,Active,2024-11-13
C0433,P0508,2021-10-19,,Active,2024-08-29
C0434,P6400,2023-06-28,,Active,2024-12-19
C0435,P0491,2020-09-13,,Active,2024-07-25
C0436,P1757,2021-12-03,,Active,2025-02-14
C0437,P4902,2021-06-03,,Active,2025-02-22
C0438,P0764,2021-01-04,2024-07-28,Expired,2024-08-06
C0439,P7683,2021-04-23,,Active,2024-07-18
C0440,P0609,2020-06-25,2025-02-28,Expired,2024-07-05
C0441,P0021,2023-09-25,2024-08-10,Expired,2024-11-24
C0442,P0443,2023-01-26,2024-10-05,Expired,2024-10-05
C0443,P0720,2020-07-06,2025-05-03,Expired,2025-04-03
C0444,P0461,2024-04-28,,Active,2024-06-20
C0444,P0476,2021-08-17,,Active,2024-10-29
C0444,P0787,2021-07-17,,Active,2025-04-13
C0445,P0641,2020-09-25,,Active,2025-02-27
C0446,P0694,2023-05-15,2025-01-25,Expired,2024-06-12
C0447,P0990,2021-01-26,2024-08-07,Expired,2024-06-20
C0448,P9173,2023-01-22,,Active,2025-04-16
C0449,P0732,2022-12-01,2024-12-18,Expired,2025-01-12
C0450,P3351,2021-12-04,,Active,2024-05-27
C0451,P0384,2023-09-08,,Active,2025-01-08
C0451,P0482,2024-04-30,,Active,2024-08-14
C0452,P4094,2020-12-19,,Active,2024-08-02
C0453,P0119,2023-09-12,,Active,2024-10-29
C0453,P0546,2024-04-02,,Active,2025-01-17
C0454,P0821,2020-12-04,2025-05-02,Expired,2024-09-22
C0455,P6309,2023-04-12,,Active,2025-03-03
C0456,P4037,2020-11-20,,Active,2025-02-10
C0457,P0413,2021-01-31,,Active,2024-11-12
C0458,P0678,2022-07-05,,Active,2025-04-23
C0459,P0597,2023-09-10,2024-08-14,Expired,2024-09-23
C0460,P0442,2023-06-18,2024-06-15,Expired,2025-03-30
C0460,P0662,2024-03-28,,Active,2024-07-23
C0461,P0076,2024-01-24,,Active,2024-08-09
C0461,P0209,2023-02-18,,Active,2024-06-04
C0461,P0425,2023-06-16,2024-12-05,Expired,2024-10-02
C0462,P4100,2024-01-13,,Active,2024-08-21
C0463,P0223,2020-07-09,2025-02-24,Expired,2025-02-19
C0463,P0971,2022-11-03,,Active,2024-11-27
C0464,P0400,2023-07-26,2024-10-18,Expired,2024-06-21
C0464,P0753,2023-07-10,,Active,2024-10-06
C0464,P0917,2023-08-09,,Active,2024-11-10
C0465,P0045,2021-02-28,,Active,2024-06-11
C0465,P0394,2020-12-27,,Active,2025-03-20
C0465,P0499,2022-05-30,2024-07-09,Expired,2025-01-02
C0465,P0672,2021-01-17,2025-04-19,Expired,2024-08-05
C0466,P6162,2022-05-08,,Active,2025-04-21
C0467,P0264,2021-11-16,2025-03-21,Expired,2024-11-09
C0467,P0862,2021-04-03,2024-11-27,Expired,2025-04-07
C0468,P8256,2021-06-10,,Active,2024-07-05
C0469,P0087,2020-06-24,2024-08-14,Expired,2025-01-27
C0470,P0640,2022-04-12,2025-03-17,Expired,2024-06-12
C0471,P8524,2023-09-30,,Active,2024-06-03
C0472,P0127,2021-09-29,2024-05-08,Expired,2024-11-07
C0472,P0129,2021-10-11,,Active,2024-09-12
C0472,P0164,2022-06-17,2025-03-18,Expired,2024-11-16
C0472,P0373,2020-08-07,,Active,2024-11-12
C0473,P0057,2023-07-29,2024-07-03,Expired,2024-11-08
C0474,P0002,2023-07-07,,Active,2024-12-20
C0474,P0376,2022-01-14,2024-10-02,Expired,2024-06-23
C0475,P6525,2022-03-23,,Active,2025-04-18
C0476,P0905,2024-01-29,,Active,2025-04-27
C0477,P0584,2023-07-17,2024-05-22,Expired,2024-11-15
C0477,P0805,2020-12-17,2024-05-14,Expired,2024-10-10
C0478,P6431,2022-07-18,,Active,2024-12-22
C0479,P0799,2021-03-17,,Active,2024-07-04
C0480,P4377,2023-05-16,,Active,2025-02-17
C0481,P0281,2024-04-22,,Active,2025-01-28
C0481,P0742,2022-08-26,2024-07-26,Expired,2025-02-13
C0482,P0729,2021-08-16,,Active,2024-12-26
C0483,P0564,2022-09-01,,Active,2024-07-25
C0484,P0472,2023-04-17,2024-12-24,Expired,2025-02-17
C0485,P4521,2020-12-20,,Active,2025-03-02
C0486,P0106,2023-08-18,2024-07-24,Expired,2024-11-14
C0487,P0567,2022-11-23,2025-01-06,Expired,2025-01-06
C0488,P8115,2020-07-23,,Active,2025-04-18
C0489,P0739,2022-02-13,,Active,2024-07-27
C0490,P0452,2020-08-03,,Active,2025-01-11
C0490,P0900,2023-03-01,,Active,2025-01-01
C0491,P4942,2022-12-02,,Active,2024-07-15
C0492,P3239,2020-08-02,,Active,2025-01-04
C0493,P3583,2023-12-25,,Active,2024-07-14
C0494,P0055,2024-03-12,,Active,2025-04-22
C0495,P1349,2021-03-05,,Active,2024-08-16
C0496,P0460,2020-06-22,,Active,2024-05-24
C0496,P0480,2024-03-12,,Active,2025-03-22
C0496,P0881,2022-04-27,,Active,2024-07-08
C0497,P9617,2021-05-20,,Active,2024-12-10
C0498,P8197,2022-01-14,,Active,2025-01-07
C0499,P5691,2021-04-16,,Active,2025-02-15
C0500,P1531,2021-11-28,,Active,2024-09-29
C0501,P0160,2024-04-18,2024-10-13,Expired,2025-03-19
C0501,P0334,2020-06-29,2024-09-11,Expired,2025-01-04
C0502,P1259,2022-12-08,,Active,2024-11-05
C0503,P0501,2020-08-04,2024-08-09,Expired,2025-01-20
C0504,P0191,2022-07-14,,Active,2024-11-10
C0505,P0791,2021-04-02,,Active,2024-12-27
C0506,P0311,2023-08-05,,Active,2024-11-03
C0506,P0431,2023-02-11,,Active,2024-10-25
C0507,P0922,2020-05-30,,Active,2025-04-20
C0508,P0251,2022-01-23,2024-12-24,Expired,2024-07-05
C0509,P0241,2022-03-28,,Active,2025-02-07
C0509,P0815,2022-01-02,2025-03-30,Expired,2024-10-30
C0510,P2482,2020-11-26,,Active,2024-08-21
C0511,P4644,2023-11-11,,Active,2025-03-04
C0512,P0272,2022-09-24,2025-04-21,Expired,2024-06-22
C0513,P0036,2022-07-27,,Active,2025-04-24
C0514,P2916,2023-11-15,,Active,2025-01-15
C0515,P0177,2022-01-16,,Active,2025-03-13
C0516,P8296,2021-08-23,,Active,2025-04-26
C0517,P0022,2022-05-06,,Active,2025-02-14
C0518,P0871,2023-09-17,2024-09-28,Expired,2024-09-19
C0519,P0034,2021-08-22,2025-02-23,Expired,2025-04-17
C0519,P0462,2020-06-13,2024-11-21,Expired,2024-11-01
C0520,P2438,2022-10-04,,Active,2024-06-11
C0521,P0540,2021-12-25,2025-03-18,Expired,2025-02-20
C0522,P0693,2021-10-20,2024-07-03,Expired,2024-06-26
C0522,P0808,2022-06-14,,Active,2024-11-20
C0523,P0263,2022-08-31,2025-02-09,Expired,2025-04-12
C0523,P0601,2023-07-14,2024-07-09,Expired,2025-01-29
C0524,P0463,2020-12-27,2024-05-10,Expired,2024-06-21
C0524,P0804,2021-10-20,,Active,2024-11-01
C0525,P0019,2022-09-06,2025-01-24,Expired,2024-06-20
C0525,P0356,2021-05-19,,Active,2024-05-19
C0525,P0850,2022-11-18,,Active,2024-08-22
C0526,P0889,2022-01-27,,Active,2024-08-24
C0527,P0636,2021-01-29,2025-04-01,Expired,2024-11-17
C0527,P0705,2021-08-19,2025-01-31,Expired,2024-07-11
C0528,P0243,2022-04-24,,Active,2024-10-29
C0529,P7063,2021-09-06,,Active,2025-03-09
C0530,P4686,2020-08-30,,Active,2024-08-07
C0531,P1150,2024-01-22,,Active,2024-07-12
C0532,P0237,2021-10-26,,Active,2024-11-26
C0533,P0336,2020-09-04,,Active,2025-02-18
C0534,P7944,2021-06-27,,Active,2025-02-23
C0535,P8499,2021-05-26,,Active,2024-06-04
C0536,P0721,2023-01-21,2025-03-05,Expired,2024-07-18
C0537,P0709,2022-04-25,2024-11-07,Expired,2025-05-04
C0538,P0071,2022-04-30,2024-12-28,Expired,2025-03-01
C0538,P0670,2022-05-12,,Active,2024-05-14
C0539,P7743,2021-09-12,,Active,2024-08-12
C0540,P6969,2021-02-05,,Active,2024-10-09
C0541,P5078,2022-04-03,,Active,2024-12-07
C0542,P0494,2023-01-06,2024-10-01,Expired,2025-01-30
C0543,P0075,2021-03-09,2024-12-26,Expired,2025-01-01
C0543,P0655,2022-08-27,2025-04-19,Expired,2024-10-18
C0543,P0828,2020-07-18,,Active,2024-07-03
C0544,P9266,2023-11-16,,Active,2024-05-21
C0545,P7446,2021-11-25,,Active,2025-02-08
C0546,P0341,2020-10-14,2024-06-13,Expired,2024-09-03
C0547,P9946,2023-01-31,,Active,2024-05-26
C0548,P2500,2021-06-30,,Active,2024-06-02
C0549,P5821,2022-01-27,,Active,2025-01-16
C0550,P0629,2023-08-22,,Active,2024-08-18
C0551,P0518,2023-01-10,2025-02-01,Expired,2024-10-24
C0551,P0692,2023-03-07,2024-06-20,Expired,2024-09-18
C0552,P0766,2023-08-31,,Active,2024-09-11
C0553,P0178,2024-01-23,2025-02-08,Expired,2024-12-18
C0553,P0786,2022-10-08,2025-01-10,Expired,2024-07-27
C0554,P8713,2024-02-06,,Active,2024-06-28
C0555,P4170,2021-04-12,,Active,2024-08-17
C0556,P5839,2021-06-13,,Active,2024-10-01
C0557,P6180,2022-09-19,,Active,2024-12-12
C0558,P5130,2020-09-24,,Active,2024-09-24
C0559,P0145,2021-10-05,,Active,2024-06-06
C0560,P0397,2023-04-23,2024-10-04,Expired,2024-05-20
C0560,P0578,2021-08-12,2024-05-24,Expired,2025-03-07
C0560,P0890,2023-09-29,2025-01-07,Expired,2024-07-06
C0561,P0100,2020-06-20,2025-02-19,Expired,2024-11-22
C0561,P0212,2022-10-12,,Active,2024-09-02
C0561,P0997,2022-01-20,,Active,2025-01-03
C0562,P8429,2024-01-16,,Active,2024-06-15
C0563,P0453,2023-09-18,2024-11-04,Expired,2024-06-19
C0563,P0464,2021-03-08,2024-11-01,Expired,2025-03-24
C0563,P0794,2023-02-23,,Active,2024-11-20
C0564,P4533,2021-07-18,,Active,2024-06-02
C0565,P9804,2023-07-16,,Active,2024-06-03
C0566,P0473,2024-02-14,2024-06-04,Expired,2024-07-29
C0567,P0269,2023-06-14,,Active,2025-04-29
C0568,P0152,2021-01-13,2025-02-19,Expired,2024-08-18
C0568,P0627,2020-09-25,,Active,2025-01-24
C0568,P0760,2022-10-02,,Active,2024-08-21
C0569,P0586,2020-09-16,2024-08-24,Expired,2024-06-14
C0569,P0950,2022-02-14,2025-02-07,Expired,2025-01-27
C0570,P0151,2021-04-10,,Active,2024-07-22
C0571,P0803,2022-09-26,2025-01-25,Expired,2024-11-24
C0572,P5238,2021-08-13,,Active,2025-04-26
C0573,P0324,2022-08-17,,Active,2024-10-10
C0573,P0572,2023-12-24,,Active,2024-05-18
C0574,P0353,2023-12-15,,Active,2024-08-26
C0575,P3700,2023-10-30,,Active,2024-12-14
C0576,P6134,2023-06-22,,Active,2025-04-21
C0577,P0211,2021-10-07,,Active,2024-12-01
C0577,P0381,2023-03-22,,Active,2025-01-27
C0578,P6042,2024-04-09,,Active,2025-03-02
C0579,P0074,2023-02-24,2024-11-24,Expired,2024-08-08
C0580,P4473,2023-05-08,,Active,2024-07-08
C0581,P1290,2023-11-30,,Active,2024-08-07
C0582,P1253,2021-06-26,,Active,2024-10-29
C0583,P0108,2022-04-16,,Active,2024-08-28
C0583,P0919,2022-09-27,,Active,2024-06-27
C0584,P0779,2020-07-12,2024-12-20,Expired,2024-12-30
C0585,P0217,2020-07-15,2024-10-11,Expired,2025-01-27
C0586,P0122,2021-11-25,,Active,2024-08-14
C0586,P0894,2023-08-01,2024-06-03,Expired,2024-08-03
C0587,P3310,2022-12-10,,Active,2024-06-19
C0588,P8243,2021-01-14,,Active,2025-01-29
C0589,P7887,2024-01-27,,Active,2025-03-30
C0590,P0230,2021-04-16,2025-01-12,Expired,2024-12-05
C0590,P0393,2022-02-13,2024-09-19,Expired,2025-05-03
C0591,P0182,2023-01-21,2025-03-07,Expired,2025-02-07
C0592,P0614,2020-10-08,,Active,2024-07-17
C0592,P0913,2020-10-18,2024-08-09,Expired,2024-09-07
C0593,P0797,2022-03-05,,Active,2025-03-31
C0594,P1608,2022-05-05,,Active,2024-05-21
C0595,P2379,2024-02-20,,Active,2024-11-16
C0596,P2361,2021-11-18,,Active,2024-07-08
C0597,P1929,2022-12-27,,Active,2025-03-10
C0598,P0068,2020-07-04,2024-10-23,Expired,2024-07-22
C0599,P0249,2021-03-29,2025-04-09,Expired,2025-02-23
C0599,P0884,2022-03-25,,Active,2024-06-09
C0600,P0202,2021-10-21,,Active,2024-06-01
C0601,P0395,2023-03-08,2025-04-23,Expired,2024-06-25
C0602,P0696,2021-07-27,2025-02-26,Expired,2025-04-15
C0603,P0109,2021-12-05,2025-02-09,Expired,2025-01-06
C0604,P3060,2021-10-09,,Active,2024-12-05
C0605,P0102,2023-11-13,2024-05-16,Expired,2024-12-23
C0606,P0495,2024-04-21,2025-05-01,Expired,2024-06-08
C0606,P0671,2023-03-12,2025-03-12,Expired,2024-08-03
C0606,P0743,2021-10-09,,Active,2025-01-01
C0607,P8964,2023-06-26,,Active,2025-03-22
C0608,P0284,2023-08-15,2024-07-21,Expired,2025-03-19
C0609,P8063,2020-05-21,,Active,2024-06-07
C0610,P0557,2022-09-27,,Active,2025-04-02
C0611,P0488,2023-02-11,,Active,2024-12-30
C0611,P0784,2023-05-04,,Active,2024-06-28
C0612,P3289,2022-09-27,,Active,2024-12-17
C0613,P0595,2023-06-05,,Active,2024-12-11
C0614,P0271,2021-11-27,,Active,2025-02-24
C0614,P0298,2021-04-23,,Active,2024-09-06
C0615,P0630,2024-04-18,,Active,2024-12-13
C0616,P0854,2021-05-02,2024-10-06,Expired,2024-08-30
C0616,P0903,2022-06-06,,Active,2024-08-02
C0617,P0285,2020-10-03,,Active,2024-10-01
C0617,P0537,2021-06-22,,Active,2024-11-26
C0618,P1129,2024-03-12,,Active,2024-07-31
C0619,P0190,2020-07-14,,Active,2024-09-14
C0619,P0351,2023-12-23,2024-07-29,Expired,2024-10-17
C0620,P0161,2021-01-07,,Active,2025-01-19
C0620,P0738,2022-10-24,2024-12-30,Expired,2024-07-06
C0621,P0906,2022-09-21,,Active,2025-03-23
C0622,P0349,2024-01-02,,Active,2024-06-12
C0623,P0401,2021-03-27,,Active,2025-02-27
C0623,P0529,2020-07-29,2024-09-13,Expired,2025-03-25
C0623,P0633,2020-09-16,2025-01-09,Expired,2024-10-23
C0624,P0975,2021-07-28,2025-02-12,Expired,2024-06-26
C0625,P0620,2024-01-06,,Active,2024-11-08
C0626,P0558,2023-08-22,2025-04-30,Expired,2024-06-17
C0626,P0785,2021-07-12,2025-01-30,Expired,2024-11-17
C0627,P4442,2021-09-24,,Active,2024-12-22
C0628,P0471,2024-01-24,,Active,2024-10-28
C0629,P0267,2024-04-25,2025-05-05,Expired,2024-07-16
C0629,P0635,2024-02-24,,Active,2024-05-05
C0630,P4113,2023-06-09,,Active,2024-12-22
C0631,P0018,2020-09-20,,Active,2025-03-21
C0631,P0674,2022-07-27,2024-12-30,Expired,2024-12-15
C0631,P0896,2023-09-24,2025-01-23,Expired,2024-10-01
C0632,P3172,2023-12-03,,Active,2025-01-28
C0633,P8673,2022-11-11,,Active,2024-11-29
C0634,P0777,2023-02-14,2024-10-23,Expired,2024-06-23
C0635,P0573,2022-04-14,2024-12-26,Expired,2024-09-28
C0636,P0236,2021-02-03,,Active,2025-03-16
C0637,P0204,2020-10-23,2024-08-21,Expired,2024-08-11
C0637,P0346,2020-12-25,2024-05-15,Expired,2024-12-06
C0638,P0231,2023-12-05,2025-04-02,Expired,2024-11-12
C0638,P0933,2024-03-17,,Active,2025-02-01
C0639,P0892,2023-04-06,2025-02-13,Expired,2024-06-09
C0640,P0432,2022-02-28,2024-09-03,Expired,2025-01-09
C0641,P0201,2022-02-21,2024-09-03,Expired,2024-10-18
C0642,P0308,2024-01-30,,Active,2024-09-17
C0642,P0701,2020-09-21,2024-12-30,Expired,2024-12-10
C0643,P0024,2022-03-21,,Active,2024-09-19
C0643,P0836,2024-02-15,,Active,2025-01-21
C0644,P0003,2021-05-08,,Active,2025-04-24
C0644,P0931,2020-10-22,2024-08-08,Expired,2024-06-08
C0645,P9015,2022-02-21,,Active,2024-08-26
C0646,P0235,2022-06-09,2024-05-17,Expired,2024-12-02
C0646,P0469,2024-01-20,2025-04-04,Expired,2024-09-27
C0647,P0484,2022-09-09,2024-10-30,Expired,2024-12-12
C0648,P6525,2022-03-13,,Active,2024-11-28
C0649,P0824,2021-08-02,,Active,2024-12-09
C0650,P0547,2023-09-07,2024-08-28,Expired,2025-01-22
C0650,P0712,2023-04-16,2024-12-06,Expired,2025-03-08
C0651,P0289,2023-05-13,2024-07-25,Expired,2024-10-27
C0651,P0751,2024-04-06,,Active,2024-05-26
C0652,P0485,2023-04-03,,Active,2024-12-15
C0652,P0618,2023-10-26,2024-07-03,Expired,2025-04-14
C0653,P9903,2021-02-02,,Active,2024-08-13
C0654,P0195,2020-07-10,2024-06-08,Expired,2024-09-18
C0654,P0407,2021-09-13,2024-09-22,Expired,2024-05-26
C0655,P0707,2022-02-05,2024-07-22,Expired,2024-09-12
C0656,P0687,2021-08-19,,Active,2024-05-12
C0657,P0477,2022-10-09,2025-03-30,Expired,2024-12-30
C0658,P4537,2020-06-14,,Active,2024-05-05
C0659,P8913,2020-09-12,,Active,2025-01-11
C0660,P0291,2021-02-11,,Active,2024-06-21
C0660,P0589,2020-05-07,2025-04-22,Expired,2024-09-07
C0661,P0306,2023-07-03,2025-03-01,Expired,2024-06-19
C0661,P0541,2022-09-27,2025-02-05,Expired,2024-07-23
C0662,P0685,2020-05-18,2024-06-05,Expired,2025-04-08
C0663,P3770,2022-09-12,,Active,2024-07-23
C0664,P0006,2020-12-05,,Active,2025-04-19
C0664,P0941,2021-08-24,2024-05-17,Expired,2025-04-24
C0665,P0292,2022-05-30,2024-05-06,Expired,2024-11-17
C0666,P7378,2021-04-25,,Active,2024-12-14
C0667,P2003,2023-09-11,,Active,2024-06-14
C0668,P0419,2021-10-03,,Active,2024-12-08
C0669,P0855,2022-09-26,2024-10-28,Expired,2024-10-06
C0669,P0984,2023-01-19,2024-06-02,Expired,2024-05-24
C0670,P0054,2023-09-15,,Active,2024-09-17
C0670,P0358,2023-02-26,2024-07-23,Expired,2024-08-23
C0670,P0593,2021-12-28,,Active,2024-12-10
C0670,P0998,2020-06-04,,Active,2025-03-31
C0671,P8364,2024-01-19,,Active,2024-07-03
C0672,P1439,2023-12-29,,Active,2024-09-18
C0673,P4813,2021-03-27,,Active,2024-08-25
C0674,P0337,2023-05-29,2024-11-21,Expired,2024-09-05
C0675,P0150,2022-07-20,2025-04-01,Expired,2025-05-01
C0676,P6546,2021-08-09,,Active,2024-12-31
C0677,P0261,2021-07-08,2025-04-14,Expired,2024-05-31
C0677,P0703,2022-11-02,2024-12-09,Expired,2024-12-20
C0677,P0858,2021-01-22,,Active,2024-11-28
C0677,P0999,2021-04-27,,Active,2024-12-07
C0678,P0300,2022-05-04,2025-04-13,Expired,2024-06-17
C0678,P0382,2023-10-01,2024-07-12,Expired,2024-05-05
C0678,P0409,2022-01-02,2025-01-07,Expired,2024-10-17
C0679,P6628,2021-11-16,,Active,2024-10-17
C0680,P1923,2021-06-25,,Active,2024-05-27
C0681,P0342,2020-10-12,2024-09-05,Expired,2025-03-21
C0681,P0706,2023-06-24,,Active,2025-04-21
C0682,P8538,2020-07-06,,Active,2024-07-16
C0683,P0101,2023-05-10,2024-12-07,Expired,2024-06-19
C0683,P0130,2021-01-17,2024-12-22,Expired,2024-08-04
C0684,P0421,2021-05-12,,Active,2024-11-03
C0685,P0455,2023-09-13,,Active,2024-05-13
C0685,P0606,2023-12-19,,Active,2024-11-05
C0685,P0617,2020-06-07,2025-02-02,Expired,2025-01-19
C0685,P0650,2023-04-02,2025-02-11,Expired,2024-12-18
C0686,P5174,2021-02-19,,Active,2024-09-21
C0687,P0735,2023-10-09,2024-05-21,Expired,2024-06-26
C0687,P0838,2020-08-13,2024-10-14,Expired,2025-02-10
C0688,P0390,2024-01-07,,Active,2025-04-07
C0689,P0048,2023-11-07,,Active,2024-05-10
C0689,P0783,2023-04-07,,Active,2024-09-25
C0690,P0435,2022-01-10,2025-01-10,Expired,2024-10-25
C0690,P0628,2022-06-24,2024-07-11,Expired,2024-11-04
C0691,P0063,2021-05-21,2024-10-26,Expired,2025-04-10
C0691,P0359,2021-04-28,,Active,2025-03-03
C0692,P0915,2020-12-10,,Active,2024-07-08
C0693,P0560,2023-02-05,,Active,2024-10-25
C0694,P0321,2023-10-11,,Active,2025-01-28
C0695,P7256,2023-07-05,,Active,2025-02-06
C0696,P1919,2021-08-06,,Active,2024-05-25
C0697,P0740,2021-11-02,,Active,2024-09-21
C0698,P0153,2024-04-24,2025-04-12,Expired,2025-05-05
C0698,P0599,2023-01-23,,Active,2025-02-12
C0699,P2545,2024-03-09,,Active,2024-05-13
C0700,P0437,2022-04-02,,Active,2024-10-16
C0701,P1527,2021-06-14,,Active,2024-08-06
C0702,P1689,2023-04-30,,Active,2025-02-26
C0703,P0942,2023-05-25,,Active,2024-07-05
C0704,P6392,2020-05-24,,Active,2024-09-04
C0705,P0449,2022-11-02,2024-06-04,Expired,2025-02-22
C0705,P0932,2022-02-08,2025-05-04,Expired,2024-10-07
C0706,P0695,2024-04-21,,Active,2024-11-02
C0706,P0857,2023-06-07,2024-09-22,Expired,2024-08-08
C0706,P0935,2021-03-29,,Active,2024-09-16
C0707,P2434,2024-02-14,,Active,2024-12-28
C0708,P0120,2020-08-08,,Active,2024-12-22
C0709,P0072,2020-09-18,,Active,2024-09-27
C0709,P0505,2022-01-17,2025-01-29,Expired,2025-03-02
C0710,P0282,2021-05-26,,Active,2025-03-31
C0710,P0833,2023-12-07,2025-03-30,Expired,2024-05-09
C0711,P0278,2022-08-05,,Active,2025-01-20
C0712,P0757,2022-02-17,2024-05-27,Expired,2024-07-12
C0712,P0814,2020-08-23,2025-03-17,Expired,2024-10-21
C0713,P0598,2023-03-24,,Active,2025-02-21
C0714,P0296,2024-03-12,,Active,2024-08-27
C0715,P0279,2021-10-28,,Active,2025-03-29
C0716,P9845,2021-12-14,,Active,2024-11-03
C0717,P0943,2022-03-21,,Active,2024-07-19
C0718,P7858,2024-02-25,,Active,2024-10-16
C0719,P0745,2022-08-21,2024-07-06,Expired,2024-06-23
C0720,P8789,2022-06-22,,Active,2025-04-09
C0721,P0295,2021-08-29,,Active,2025-04-15
C0722,P6665,2022-02-27,,Active,2025-03-11
C0723,P2965,2021-10-30,,Active,2025-02-02
C0724,P0607,2022-03-26,2025-04-22,Expired,2024-06-30
C0724,P0877,2023-04-13,,Active,2025-03-01
C0725,P8593,2021-01-06,,Active,2024-06-12
C0726,P0893,2020-07-27,2024-12-05,Expired,2025-01-19
C0727,P0142,2021-08-23,2024-07-23,Expired,2024-10-08
C0728,P8537,2021-09-28,,Active,2025-02-11
C0729,P0548,2020-09-11,,Active,2024-12-17
C0730,P0331,2022-01-13,,Active,2025-01-12
C0731,P6155,2021-06-09,,Active,2024-06-05
C0732,P0851,2021-10-14,2024-11-20,Expired,2025-01-10
C0733,P0429,2023-01-19,,Active,2024-09-03
C0733,P0659,2020-06-05,,Active,2025-04-15
C0733,P0952,2024-02-08,,Active,2024-08-27
C0734,P1908,2022-09-06,,Active,2025-04-05
C0735,P5538,2024-03-07,,Active,2024-08-25
C0736,P0322,2023-09-25,,Active,2024-12-24
C0736,P0864,2021-04-16,,Active,2024-07-27
C0737,P0091,2020-09-05,,Active,2024-10-09
C0738,P0876,2022-07-25,,Active,2025-04-21
C0739,P1863,2020-08-04,,Active,2025-02-01
C0740,P7954,2021-08-01,,Active,2025-02-16
C0741,P0532,2021-12-16,2024-06-07,Expired,2024-12-18
C0741,P0891,2023-03-07,2025-02-01,Expired,2024-10-26
C0742,P0652,2021-02-08,,Active,2024-08-23
C0743,P0979,2023-01-05,2025-04-13,Expired,2024-06-20
C0744,P0765,2023-08-18,,Active,2024-05-17
C0744,P0937,2021-09-30,,Active,2024-07-02
C0745,P8446,2022-10-12,,Active,2024-08-18
C0746,P0741,2020-08-17,,Active,2024-08-21
C0747,P0514,2023-07-04,,Active,2024-12-17
C0747,P0970,2021-06-03,,Active,2025-02-28
C0748,P0141,2021-02-14,2025-01-24,Expired,2024-09-30
C0748,P0562,2022-03-20,2025-03-17,Expired,2024-12-08
C0748,P0749,2022-11-01,,Active,2024-11-09
C0748,P0780,2023-04-10,2025-03-30,Expired,2025-04-19
C0749,P0496,2021-12-07,,Active,2024-07-06
C0750,P6646,2021-05-18,,Active,2024-11-07
C0751,P7764,2022-09-17,,Active,2025-05-03
C0752,P0920,2020-12-14,,Active,2024-05-12
C0753,P0723,2020-08-14,2024-12-16,Expired,2024-06-17
C0754,P5485,2024-03-19,,Active,2025-02-08
C0755,P6938,2020-07-11,,Active,2025-01-05
C0756,P0020,2023-04-27,2025-01-13,Expired,2025-03-10
C0757,P0316,2022-02-20,2024-09-03,Expired,2025-04-11
C0757,P0708,2022-09-05,2025-03-07,Expired,2024-08-31
C0758,P0165,2023-01-13,2025-02-17,Expired,2024-11-15
C0758,P0775,2020-11-09,,Active,2024-09-02
C0759,P0848,2020-10-01,2025-03-20,Expired,2025-04-09
C0760,P0909,2021-03-20,,Active,2025-01-28
C0761,P0099,2023-06-29,2024-05-25,Expired,2025-02-27
C0761,P0107,2020-09-14,,Active,2024-10-12
C0761,P0386,2022-07-02,2025-03-04,Expired,2025-02-09
C0761,P0470,2023-09-25,,Active,2025-01-18
C0761,P0613,2022-10-24,,Active,2025-03-05
C0762,P0350,2021-02-04,,Active,2025-05-03
C0763,P5882,2021-11-21,,Active,2025-01-28
C0764,P6290,2021-07-04,,Active,2025-02-14
C0765,P1376,2022-05-11,,Active,2024-08-18
C0766,P8120,2021-08-14,,Active,2025-01-12
C0767,P4061,2023-04-24,,Active,2024-08-21
C0768,P0424,2021-09-15,2024-08-31,Expired,2024-07-13
C0769,P0328,2020-09-21,2024-10-20,Expired,2024-05-28
C0770,P6277,2021-03-20,,Active,2025-03-03
C0771,P0067,2020-05-13,2025-02-18,Expired,2025-01-18
C0771,P0907,2022-03-14,2024-07-11,Expired,2024-12-07
C0772,P0043,2021-06-20,2025-02-24,Expired,2025-01-04
C0772,P0656,2021-09-25,2025-01-31,Expired,2024-10-30
C0773,P0467,2021-07-28,2025-01-04,Expired,2025-05-04
C0774,P0159,2021-02-06,2024-09-29,Expired,2024-12-17
C0774,P0365,2022-06-28,2025-04-03,Expired,2025-03-30
C0775,P0503,2021-10-29,,Active,2025-04-20
C0776,P1360,2022-02-07,,Active,2024-12-29
C0777,P0093,2021-12-12,2024-07-15,Expired,2024-11-20
C0777,P0579,2021-12-31,,Active,2025-03-19
C0778,P9223,2021-05-09,,Active,2024-12-14
C0779,P3358,2021-04-29,,Active,2024-06-16
C0780,P0661,2021-12-13,,Active,2024-06-21
C0780,P0978,2024-01-17,,Active,2024-08-28
C0781,P8086,2023-01-02,,Active,2024-05-10
C0782,P0114,2021-08-21,,Active,2024-09-01
C0782,P0246,2021-07-17,2024-08-24,Expired,2024-12-23
C0782,P0333,2024-05-03,,Active,2025-01-19
C0782,P0702,2022-06-16,2024-12-24,Expired,2024-11-19
C0783,P2872,2023-01-25,,Active,2024-06-08
C0784,P0710,2021-06-21,2024-07-07,Expired,2025-04-04
C0785,P0523,2023-09-14,,Active,2024-08-04
C0786,P0312,2020-10-25,2025-01-07,Expired,2025-02-03
C0786,P0769,2020-09-07,,Active,2024-08-06
C0787,P2198,2022-10-22,,Active,2024-06-23
C0788,P0366,2022-08-06,2024-08-15,Expired,2025-01-12
C0789,P8223,2022-01-31,,Active,2025-02-11
C0790,P2000,2023-01-29,,Active,2025-04-15
C0791,P0360,2021-02-23,2025-01-09,Expired,2025-02-23
C0792,P0885,2020-06-22,,Active,2024-11-26
C0793,P0781,2020-11-03,,Active,2024-09-05
C0794,P6472,2020-05-17,,Active,2025-05-05
C0795,P0035,2023-03-11,2024-09-06,Expired,2025-01-12
C0795,P0163,2021-08-25,2025-01-10,Expired,2025-02-22
C0795,P0510,2021-10-08,2025-01-27,Expired,2025-01-19
C0796,P0007,2022-05-23,,Active,2025-03-10
C0797,P0414,2021-02-09,,Active,2024-07-17
C0798,P4625,2020-06-18,,Active,2025-01-30
C0799,P0936,2022-02-14,2025-04-21,Expired,2024-08-27
C0800,P6033,2024-01-16,,Active,2024-08-17
C0801,P0763,2023-03-23,2024-05-31,Expired,2024-08-10
C0802,P0138,2022-08-28,2024-08-15,Expired,2024-11-19
C0803,P0110,2023-01-11,2024-12-30,Expired,2024-12-06
C0803,P0863,2023-03-26,,Active,2024-09-18
C0804,P0225,2022-11-29,,Active,2025-01-12
C0805,P0653,2023-01-09,2024-12-05,Expired,2025-03-02
C0806,P1130,2021-03-07,,Active,2025-02-14
C0807,P8118,2023-06-06,,Active,2024-10-21
C0808,P0841,2022-12-24,2024-07-18,Expired,2025-01-16
C0809,P3562,2021-07-15,,Active,2025-03-28
C0810,P0561,2022-01-20,,Active,2024-12-04
C0810,P0682,2021-09-14,,Active,2024-08-25
C0810,P0926,2023-01-18,,Active,2024-07-13
C0811,P0530,2022-09-18,,Active,2025-04-01
C0812,P0475,2020-10-08,2024-10-04,Expired,2024-07-03
C0813,P0222,2022-05-13,2024-09-22,Expired,2025-04-05
C0813,P0444,2023-06-24,,Active,2024-07-28
C0814,P0878,2021-07-25,,Active,2024-12-25
C0815,P0585,2021-08-03,,Active,2025-02-01
C0815,P0901,2021-11-17,,Active,2025-04-15
C0816,P0118,2024-03-10,,Active,2024-11-28
C0817,P3988,2023-03-22,,Active,2024-11-28
C0818,P9579,2023-05-09,,Active,2024-10-23
C0819,P0736,2023-12-06,,Active,2025-04-13
C0820,P5069,2021-07-08,,Active,2024-07-27
C0821,P7085,2021-09-11,,Active,2024-10-07
C0822,P0788,2020-10-05,2024-05-31,Expired,2024-11-10
C0823,P0616,2021-04-17,2024-09-23,Expired,2024-09-20
C0824,P1849,2020-11-19,,Active,2024-11-10
C0825,P0134,2021-12-14,2024-07-23,Expired,2025-04-05
C0826,P0280,2023-12-21,,Active,2024-07-24
C0826,P0755,2020-11-25,,Active,2024-11-08
C0827,P0954,2023-11-13,2025-04-23,Expired,2025-03-30
C0828,P0468,2022-06-20,,Active,2024-07-19
C0828,P0638,2020-07-20,2024-12-16,Expired,2024-11-02
C0829,P6597,2022-04-02,,Active,2024-09-17
C0830,P6946,2023-11-02,,Active,2024-05-16
C0831,P0069,2021-01-28,,Active,2024-06-30
C0831,P0116,2022-05-18,2025-03-20,Expired,2024-10-22
C0831,P0371,2023-01-06,2024-09-06,Expired,2024-08-14
C0832,P4151,2020-08-09,,Active,2024-08-01
C0833,P5913,2021-04-14,,Active,2025-01-07
C0834,P4191,2023-02-11,,Active,2024-08-21
C0835,P0519,2022-09-02,,Active,2024-09-13
C0836,P0667,2021-07-30,,Active,2024-09-23
C0836,P0711,2023-04-22,2024-09-07,Expired,2025-02-10
C0837,P9777,2023-05-09,,Active,2024-10-28
C0838,P0194,2021-03-24,2024-10-02,Expired,2025-03-01
C0838,P0571,2022-01-19,,Active,2024-09-30
C0838,P0596,2022-11-02,,Active,2024-12-10
C0838,P0800,2021-06-23,,Active,2024-07-18
C0839,P0229,2021-08-30,2025-04-26,Expired,2024-07-22
C0839,P0287,2021-06-16,2025-01-26,Expired,2024-12-08
C0839,P0405,2021-02-09,2024-12-07,Expired,2024-11-13
C0840,P8217,2021-05-24,,Active,2024-09-11
C0841,P0872,2021-11-15,,Active,2025-01-28
C0842,P0904,2021-10-11,2025-01-24,Expired,2025-03-06
C0843,P0588,2022-08-27,,Active,2024-11-08
C0844,P6936,2023-06-06,,Active,2024-10-19
C0845,P0544,2021-10-16,,Active,2024-08-15
C0846,P2545,2020-12-02,,Active,2025-03-27
C0847,P0147,2021-07-10,,Active,2024-12-20
C0847,P0639,2024-04-28,,Active,2025-05-04
C0848,P0911,2020-09-01,2024-12-02,Expired,2024-11-26
C0849,P6793,2024-01-04,,Active,2025-01-27
C0850,P0084,2023-02-03,,Active,2024-11-11
C0851,P0090,2023-10-03,,Active,2024-07-10
C0851,P0406,2022-07-01,,Active,2025-02-01
C0852,P9456,2020-09-13,,Active,2024-06-08
C0853,P0113,2023-04-08,2024-10-10,Expired,2025-03-15
C0853,P0438,2023-12-30,,Active,2024-11-12
C0854,P8637,2023-01-25,,Active,2024-09-10
C0855,P4314,2021-01-24,,Active,2024-10-20
C0856,P1349,2022-09-12,,Active,2024-06-19
C0857,P7637,2022-12-11,,Active,2024-07-05
C0858,P0521,2024-01-20,,Active,2024-06-01
C0859,P0718,2021-11-15,,Active,2025-05-05
C0860,P2727,2023-10-23,,Active,2024-08-24
C0861,P0944,2022-09-16,,Active,2024-05-30
C0862,P0956,2022-01-10,,Active,2024-10-28
C0863,P0459,2020-12-26,,Active,2024-12-13
C0863,P0977,2021-04-21,2024-05-09,Expired,2024-10-27
C0864,P8469,2023-04-27,,Active,2025-01-04
C0865,P0162,2022-05-01,,Active,2025-03-20
C0865,P0169,2022-03-27,2024-12-20,Expired,2025-01-11
C0865,P0276,2021-06-09,2024-10-23,Expired,2024-10-17
C0865,P0332,2024-01-18,2024-10-17,Expired,2024-11-13
C0865,P0761,2020-10-09,2025-02-20,Expired,2024-05-20
C0865,P0875,2020-10-24,,Active,2025-01-30
C0866,P0117,2023-05-06,,Active,2025-01-16
C0866,P0810,2022-12-20,,Active,2024-09-04
C0867,P0219,2023-07-23,,Active,2024-09-25
C0867,P0238,2023-12-06,,Active,2024-09-13
C0868,P7559,2021-10-16,,Active,2024-08-05
C0869,P0026,2024-04-21,,Active,2024-11-27
C0869,P0302,2020-05-19,,Active,2025-01-27
C0870,P8728,2021-11-30,,Active,2024-08-23
C0871,P6574,2023-08-23,,Active,2025-01-18
C0872,P0197,2020-11-10,,Active,2025-02-05
C0872,P0759,2020-11-29,,Active,2024-05-10
C0873,P0466,2023-01-20,2024-06-21,Expired,2024-07-03
C0874,P0651,2020-10-05,,Active,2025-03-04
C0874,P0697,2022-08-22,,Active,2025-03-14
C0874,P0847,2023-10-05,,Active,2024-11-15
C0875,P8932,2023-08-24,,Active,2024-12-22
C0876,P0989,2023-01-27,2024-07-01,Expired,2024-05-21
C0877,P0210,2022-12-22,,Active,2025-04-27
C0877,P0441,2023-05-14,,Active,2024-06-24
C0877,P0513,2022-04-25,,Active,2025-04-08
C0878,P1793,2021-12-22,,Active,2024-11-21
C0879,P4438,2023-12-24,,Active,2024-07-30
C0880,P0534,2023-06-02,2024-09-15,Expired,2024-10-22
C0880,P0570,2023-08-13,2025-03-31,Expired,2024-09-11
C0880,P0773,2022-08-01,,Active,2024-07-17
C0881,P6134,2022-02-13,,Active,2024-06-13
C0882,P0216,2022-11-17,,Active,2025-02-25
C0882,P0553,2022-07-08,,Active,2025-01-14
C0883,P3817,2020-05-24,,Active,2025-01-11
C0884,P7357,2022-11-28,,Active,2024-09-23
C0885,P3426,2023-10-18,,Active,2024-07-18
C0886,P5762,2023-03-30,,Active,2024-11-06
C0887,P0056,2021-01-14,,Active,2024-09-13
C0888,P0339,2021-06-16,,Active,2024-09-27
C0889,P9951,2021-04-10,,Active,2024-11-21
C0890,P6884,2022-01-07,,Active,2024-08-09
C0891,P4797,2021-11-25,,Active,2024-07-19
C0892,P0658,2022-03-07,,Active,2024-09-02
C0893,P2579,2022-07-22,,Active,2024-12-04
C0894,P1167,2022-10-22,,Active,2024-06-03
C0895,P0747,2022-05-19,2024-10-20,Expired,2025-04-21
C0895,P0866,2024-03-21,,Active,2024-12-11
C0896,P0719,2024-01-28,,Active,2024-08-29
C0896,P0995,2021-04-02,2024-10-31,Expired,2024-06-09
C0897,P0258,2021-11-29,2024-05-12,Expired,2024-10-15
C0898,P0011,2020-12-03,,Active,2025-04-28
C0898,P0052,2020-12-21,2024-11-28,Expired,2024-10-05
C0898,P0938,2024-03-08,,Active,2024-11-04
C0899,P6045,2022-02-14,,Active,2025-03-24
C0900,P0277,2023-03-07,2025-01-10,Expired,2024-08-30
C0901,P0149,2021-08-25,2025-02-27,Expired,2024-05-29
C0902,P3176,2021-09-26,,Active,2025-02-24
C0903,P0066,2022-11-13,,Active,2025-02-16
C0903,P0832,2020-06-28,2024-07-16,Expired,2024-05-19
C0903,P0914,2023-06-03,2025-04-06,Expired,2025-04-06
C0904,P0180,2024-02-09,2024-11-18,Expired,2025-01-07
C0905,P4132,2021-06-05,,Active,2025-01-19
C0906,P2735,2023-03-14,,Active,2024-07-21
C0907,P6863,2022-08-20,,Active,2024-09-22
C0908,P1192,2023-08-10,,Active,2025-01-03
C0909,P0335,2022-10-05,,Active,2025-04-11
C0909,P1000,2023-09-12,,Active,2025-01-25
C0910,P0686,2023-02-14,2024-12-15,Expired,2025-02-04
C0911,P0812,2023-08-26,2025-01-21,Expired,2024-07-20
C0912,P0918,2022-06-19,2024-09-21,Expired,2024-12-02
C0913,P0969,2023-10-01,,Active,2025-01-20
C0914,P0058,2021-02-26,2024-07-06,Expired,2025-03-26
C0914,P0193,2023-12-02,,Active,2025-02-07
C0915,P7372,2022-11-18,,Active,2024-07-19
C0916,P0726,2021-12-17,,Active,2025-01-08
C0917,P3609,2022-07-07,,Active,2025-04-03
C0918,P4786,2023-09-05,,Active,2025-04-30
C0919,P6123,2022-08-20,,Active,2024-11-21
C0920,P5285,2020-05-11,,Active,2024-12-25
C0921,P0309,2023-01-05,2024-12-12,Expired,2024-11-09
C0922,P0493,2022-10-07,2024-11-15,Expired,2024-10-23
C0922,P0968,2023-09-12,,Active,2024-10-23
C0923,P9244,2021-10-18,,Active,2025-01-20
C0924,P0375,2023-06-03,,Active,2024-06-24
C0925,P7281,2022-07-18,,Active,2024-07-28
C0926,P0345,2023-07-23,2024-07-23,Expired,2025-02-17
C0927,P8057,2021-05-29,,Active,2024-06-13
C0928,P0594,2022-10-01,2025-02-06,Expired,2024-06-29
C0929,P7733,2021-06-16,,Active,2024-07-08
C0930,P0248,2021-12-31,2024-08-13,Expired,2024-08-11
C0930,P0957,2023-09-23,2024-09-14,Expired,2024-11-26
C0931,P0158,2024-01-26,,Active,2024-08-22
C0931,P0297,2020-05-07,,Active,2024-10-15
C0932,P0447,2022-03-17,2024-07-18,Expired,2024-10-10
C0933,P0005,2022-10-14,2024-06-18,Expired,2025-02-21
C0933,P0096,2020-05-18,,Active,2024-10-14
C0933,P0389,2021-04-11,,Active,2025-02-18
C0933,P0507,2022-03-15,,Active,2024-11-24
C0934,P6102,2022-05-04,,Active,2025-02-19
C0935,P0842,2022-09-17,2024-08-10,Expired,2024-11-29
C0936,P8606,2020-10-28,,Active,2024-08-14
C0937,P0378,2021-01-16,2024-11-17,Expired,2024-12-30
C0938,P0716,2020-12-13,2024-10-15,Expired,2024-08-06
C0938,P0796,2022-11-27,2024-12-30,Expired,2024-07-27
C0939,P8485,2021-08-20,,Active,2024-07-05
C0940,P0489,2021-10-10,2025-02-07,Expired,2024-09-14
C0941,P0835,2021-11-25,,Active,2025-01-23
C0942,P9919,2023-03-08,,Active,2024-12-09
C0943,P6111,2022-12-04,,Active,2024-12-09
C0944,P1289,2021-03-25,,Active,2025-01-30
C0945,P0357,2023-07-07,2025-01-02,Expired,2024-09-10
C0946,P0829,2023-10-28,,Active,2024-07-05
C0947,P6743,2022-03-24,,Active,2025-01-08
C0948,P0916,2024-01-31,,Active,2024-07-13
C0949,P0140,2023-04-11,,Active,2024-07-22
C0949,P0981,2021-08-11,,Active,2024-06-04
C0950,P0374,2023-04-18,,Active,2024-09-17
C0950,P0590,2023-01-02,2024-11-20,Expired,2025-02-08
C0951,P8852,2023-05-11,,Active,2025-04-27
C0952,P1759,2022-06-19,,Active,2024-06-09
C0953,P0506,2021-09-09,2024-10-24,Expired,2025-04-11
C0953,P0610,2021-07-05,2025-03-05,Expired,2024-11-18
C0954,P9147,2023-08-26,,Active,2025-01-30
C0955,P3165,2020-05-13,,Active,2024-09-13
C0956,P0004,2023-01-19,,Active,2025-02-06
C0956,P0867,2023-08-20,,Active,2025-02-15
C0957,P9609,2022-04-24,,Active,2025-04-08
C0958,P0023,2022-03-22,,Active,2024-07-30
C0959,P1497,2023-10-29,,Active,2025-02-14
C0960,P0355,2021-12-21,2024-07-01,Expired,2025-02-07
C0961,P0049,2024-03-19,,Active,2024-12-17
C0962,P1397,2024-05-01,,Active,2024-08-20
C0963,P0144,2022-02-19,,Active,2025-04-03
C0964,P0690,2023-02-23,,Active,2025-02-22
C0965,P0483,2022-05-22,2024-12-24,Expired,2024-06-15
C0966,P0095,2022-06-18,,Active,2024-09-20
C0967,P8377,2021-08-18,,Active,2025-02-03
C0968,P9820,2023-07-17,,Active,2024-08-03
C0969,P0752,2022-12-17,,Active,2024-12-12
C0969,P0927,2022-04-09,,Active,2024-07-03
C0970,P0625,2022-08-08,2024-05-23,Expired,2024-05-08
C0971,P9619,2022-08-09,,Active,2024-09-25
C0972,P8973,2023-04-13,,Active,2024-10-20
C0973,P0254,2023-03-10,,Active,2024-07-02
C0974,P7258,2022-02-11,,Active,2024-12-08
C0975,P0994,2021-07-27,,Active,2025-05-05
C0976,P0955,2022-08-09,2024-05-18,Expired,2025-01-01
C0977,P0032,2023-01-01,2025-02-27,Expired,2024-11-03
C0978,P0385,2020-06-25,,Active,2024-07-22
C0979,P5460,2021-11-18,,Active,2024-12-29
C0980,P7458,2023-09-26,,Active,2024-11-16
C0981,P0030,2023-10-31,,Active,2025-03-05
C0981,P0380,2021-03-06,2024-10-21,Expired,2024-07-04
C0982,P0273,2021-06-14,,Active,2025-03-13
C0983,P0888,2022-11-23,,Active,2024-05-23
C0984,P3170,2022-03-23,,Active,2024-10-15
C0985,P0131,2021-01-25,,Active,2024-05-31
C0985,P0450,2021-01-19,2024-06-25,Expired,2024-06-27
C0986,P5642,2020-05-28,,Active,2025-01-19
C0987,P3095,2021-01-19,,Active,2024-09-17
C0988,P1816,2021-06-03,,Active,2025-03-10
C0989,P0255,2022-09-28,,Active,2024-11-26
C0989,P0474,2021-09-04,2024-07-16,Expired,2025-03-22
C0989,P0576,2024-03-19,,Active,2024-09-22
C0990,P9645,2023-07-13,,Active,2024-09-30
C0991,P0713,2023-01-30,,Active,2025-01-16
C0992,P3059,2021-05-17,,Active,2024-11-06
C0993,P8252,2023-12-22,,Active,2024-06-16
C0994,P0187,2021-04-26,2024-11-28,Expired,2024-07-05
C0994,P0795,2021-02-02,2024-07-05,Expired,2024-09-04
C0995,P0139,2021-01-28,2024-08-22,Expired,2025-03-02
C0995,P0645,2022-07-07,2024-10-22,Expired,2025-01-06
C0996,P0809,2021-12-17,,Active,2025-04-27
C0997,P9521,2023-03-23,,Active,2024-07-21
C0998,P9182,2022-06-22,,Active,2024-06-15
C0999,P9923,2022-08-03,,Active,2024-10-13
C1000,P0511,2020-10-28,2024-10-28,Expired,2024-10-04
C1000,P0988,2022-11-17,,Active,2024-12-20
